img,mask
1.jpg,1-mask.png
2.jpg,2-mask.png
3.jpg,3-mask.png
4.jpg,4-mask.png
5.png,5-mask.png
6.png,6-mask.png
7.png,7-mask.png
8.png,8-mask.png
9.png,9-mask.png
10.png,10-mask.png
11.png,11-mask.png
12.png,12-mask.png
13.png,13-mask.png
14.png,14-mask.png
15.png,15-mask.png
16.png,16-mask.png
17.png,17-mask.png
18.png,18-mask.png
19.png,19-mask.png
20.png,20-mask.png
21.png,21-mask.png
22.png,22-mask.png
23.png,23-mask.png
24.png,24-mask.png
25.png,25-mask.png
26.png,26-mask.png
27.png,27-mask.png
28.png,28-mask.png
29.png,29-mask.png
